{"metadata":{"asset_id":"1d6db733-3e5c-4ca7-b8d7-b318e2fe3cef","asset_attributes":["notebook","location_definition"],"name":"Final Assignment-v2","asset_type":"notebook","created_at":"2025-07-14T01:40:37Z","description":"","origin_country":"us","owner_id":"IBMid-694000XJHB","project_id":"1ed9364d-eaf3-46ad-b1a5-8d6cceddc41b","size":10056917,"tags":["notebook"],"usage":{"last_update_time":1752457375112,"last_updated_at":"2025-07-14T01:42:55Z"}},"entity":{"notebook":{"kernel":{"name":"python3","display_name":"Python 3.11","language":"python"},"originates_from":{"type":"file"},"runtime":{"environment":"rt241pys2-1ed9364d-eaf3-46ad-b1a5-8d6cceddc41b"}},"location_definition":{"physical_location_code":"DAL","physical_location_code_assigned_by":"IBMid-694000XJHB","physical_location_code_rds_id":"c57cb90f-2126-3800-9c9f-9eab82021cdf","physical_location_code_rds_version":"00002025-0529-4195-8344-079288000000_5","physical_location_code_assignment_method":"INFERRED","physical_location_code_added_on":"1752457239764"}},"attachments":[{"id":"41807a5c-c581-4176-93e4-91add942b100","version":2,"asset_type":"notebook","name":"attachment for notebook 1d6db733-3e5c-4ca7-b8d7-b318e2fe3cef","description":"attachment for notebook 1d6db733-3e5c-4ca7-b8d7-b318e2fe3cef","mime":"application/json","datasource_type":"193a97c1-4475-4a19-b90c-295c4fdc6517","object_key":"notebook/Final_Assignment-v2_f26bT4zS8.ipynb","creator_id":"IBMid-694000XJHB","create_time":1752457239767,"size":10056917,"is_remote":false,"is_managed":false,"is_referenced":true,"is_object_key_read_only":false,"is_user_provided_path_key":true,"transfer_complete":true,"is_partitioned":false,"complete_time_ticks":1752457239767,"user_data":{},"test_doc":0,"handle":{"bucket":"datascienceproject-donotdelete-pr-fwl2lni0nrmbxa","location":"us-south","type":"bluemix_cos","key":"notebook/Final_Assignment-v2_f26bT4zS8.ipynb","upload_id":"done","max_part_num":1},"usage":{"access_count":1,"last_accessor_id":"IBMid-694000XJHB","last_access_time":1752457375112,"last_updater_id":"IBMid-694000XJHB","last_update_time":1752457375112}}]}
